<?xml version="1.0"?>
<Settings component="StartMenu" version="4.4.142">
	<MouseClick value="ClassicMenu"/>
	<ProgramsStyle value="Inline"/>
	<AllProgramsMetro value="1"/>
	<FoldersFirst value="0"/>
	<OpenPrograms value="1"/>
	<ProgramsMenuDelay value="2147483647"/>
	<RecentPrograms value="None"/>
	<HybridShutdown value="0"/>
	<StartScreenShortcut value="0"/>
	<HighlightNew value="0"/>
	<CheckWinUpdates value="0"/>
	<EnableAccessibility value="0"/>
	<SearchBox value="Normal"/>
	<SearchTrack value="0"/>
	<SearchAutoComplete value="0"/>
	<SearchInternet value="0"/>
	<MenuShadow value="0"/>
	<EnableGlass value="0"/>
	<SkinW7 value="Dark"/>
	<SkinVariationW7 value=""/>
	<SkinOptionsW7>
		<Line>USER_IMAGE=1</Line>
		<Line>SMALL_ICONS=1</Line>
		<Line>LARGE_FONT=0</Line>
		<Line>ALL_DARK=0</Line>
		<Line>SCROLL=0</Line>
		<Line>GLYPHS=0</Line>
	</SkinOptionsW7>
	<SkipMetro value="1"/>
	<MenuItems7>
		<Line>Item1.Command=user_files</Line>
		<Line>Item1.Settings=ITEM_DISABLED</Line>
		<Line>Item2.Command=user_documents</Line>
		<Line>Item2.Settings=ITEM_DISABLED</Line>
		<Line>Item3.Command=user_pictures</Line>
		<Line>Item3.Settings=ITEM_DISABLED</Line>
		<Line>Item4.Command=user_music</Line>
		<Line>Item4.Settings=ITEM_DISABLED</Line>
		<Line>Item5.Command=user_videos</Line>
		<Line>Item5.Settings=ITEM_DISABLED</Line>
		<Line>Item6.Command=downloads</Line>
		<Line>Item6.Settings=ITEM_DISABLED</Line>
		<Line>Item7.Command=homegroup</Line>
		<Line>Item7.Settings=ITEM_DISABLED</Line>
		<Line>Item8.Command=separator</Line>
		<Line>Item8.Settings=ITEM_DISABLED</Line>
		<Line>Item9.Command=games</Line>
		<Line>Item9.Settings=TRACK_RECENT|NOEXPAND|ITEM_DISABLED</Line>
		<Line>Item10.Command=favorites</Line>
		<Line>Item10.Settings=ITEM_DISABLED</Line>
		<Line>Item11.Command=recent_documents</Line>
		<Line>Item11.Settings=ITEM_DISABLED</Line>
		<Line>Item12.Command=computer</Line>
		<Line>Item12.Settings=ITEM_DISABLED</Line>
		<Line>Item13.Command=network</Line>
		<Line>Item13.Settings=ITEM_DISABLED</Line>
		<Line>Item14.Command=network_connections</Line>
		<Line>Item14.Settings=ITEM_DISABLED</Line>
		<Line>Item15.Command=separator</Line>
		<Line>Item15.Settings=ITEM_DISABLED</Line>
		<Line>Item16.Command=control_panel</Line>
		<Line>Item16.Settings=TRACK_RECENT|NOEXPAND</Line>
		<Line>Item17.Command=pc_settings</Line>
		<Line>Item17.Settings=TRACK_RECENT</Line>
		<Line>Item18.Command=admin</Line>
		<Line>Item18.Settings=TRACK_RECENT|ITEM_DISABLED</Line>
		<Line>Item19.Command=devices</Line>
		<Line>Item19.Settings=ITEM_DISABLED</Line>
		<Line>Item20.Command=defaults</Line>
		<Line>Item20.Settings=ITEM_DISABLED</Line>
		<Line>Item21.Command=help</Line>
		<Line>Item21.Settings=ITEM_DISABLED</Line>
		<Line>Item22.Command=run</Line>
		<Line>Item23.Command=apps</Line>
		<Line>Item23.Settings=ITEM_DISABLED</Line>
		<Line>Item24.Command=windows_security</Line>
		<Line>Item24.Settings=ITEM_DISABLED</Line>
	</MenuItems7>
	<CascadingMenu value="0"/>
</Settings>
